{
  "sobel": {
    "precision": 0.41685368766762376,
    "recall": 0.40395039284945433,
    "f1": 0.4048045968561276,
    "iou": 0.25505991148256857
  },
  "canny": {
    "precision": 0.9903048578013248,
    "recall": 0.31465080025605374,
    "f1": 0.4732565611805059,
    "iou": 0.3135948657771358
  },
  "cnn": {
    "precision": 0.9730934735654527,
    "recall": 0.6673535974190145,
    "f1": 0.7822436237447481,
    "iou": 0.6559064931307346
  }
}