{
  "model": "Random Forest",
  "precision": 0.5969387755102041,
  "recall": 0.8349687778768956,
  "f1_score": 0.6961695797694311,
  "roc_auc": 0.9125589106868028,
  "test_accuracy": 0.81934770591487
}