{
  "Logistic Regression": {
    "precision": 0.5511057979677226,
    "recall": 0.8224799286351472,
    "f1": 0.6599856836077308,
    "roc_auc": 0.8840086751358448,
    "fit_time_s": 0.04
  },
  "Random Forest": {
    "precision": 0.5969387755102041,
    "recall": 0.8349687778768956,
    "f1": 0.6961695797694311,
    "roc_auc": 0.9125589106868028,
    "fit_time_s": 0.45
  },
  "Support Vector Machine": {
    "precision": 0.548469387755102,
    "recall": 0.8630686886708296,
    "f1": 0.6707105719237435,
    "roc_auc": 0.8865985424124817,
    "fit_time_s": 132.95
  }
}